{
  "name": "VERA Camelyon17 benchmark paired statistics",
  "created_at_utc": "2026-07-13T08:30:37.673288+00:00",
  "n_seeds": 5,
  "seeds": [
    0,
    1,
    2,
    3,
    4
  ],
  "method_summaries": {
    "VERA_selected": {
      "validation_target_balanced_accuracy": {
        "mean": 0.897383405553834,
        "sd": 0.0,
        "ci95": 0.0,
        "values": [
          0.897383405553834,
          0.897383405553834,
          0.897383405553834,
          0.897383405553834,
          0.897383405553834
        ]
      },
      "external_target_balanced_accuracy": {
        "mean": 0.8904695840289698,
        "sd": 0.0,
        "ci95": 0.0,
        "values": [
          0.8904695840289698,
          0.8904695840289698,
          0.8904695840289698,
          0.8904695840289698,
          0.8904695840289698
        ]
      },
      "external_worst_target_source_accuracy": {
        "mean": 0.8464034613304487,
        "sd": 1.2412670766236366e-16,
        "ci95": 1.0880185641326533e-16,
        "values": [
          0.8464034613304489,
          0.8464034613304489,
          0.8464034613304489,
          0.8464034613304489,
          0.8464034613304489
        ]
      },
      "validation_source_leakage_balanced_accuracy": {
        "mean": 0.8179544729165196,
        "sd": 0.0,
        "ci95": 0.0,
        "values": [
          0.8179544729165196,
          0.8179544729165196,
          0.8179544729165196,
          0.8179544729165196,
          0.8179544729165196
        ]
      }
    },
    "erm_probe": {
      "validation_target_balanced_accuracy": {
        "mean": 0.897383405553834,
        "sd": 0.0,
        "ci95": 0.0,
        "values": [
          0.897383405553834,
          0.897383405553834,
          0.897383405553834,
          0.897383405553834,
          0.897383405553834
        ]
      },
      "external_target_balanced_accuracy": {
        "mean": 0.8904695840289698,
        "sd": 0.0,
        "ci95": 0.0,
        "values": [
          0.8904695840289698,
          0.8904695840289698,
          0.8904695840289698,
          0.8904695840289698,
          0.8904695840289698
        ]
      },
      "external_worst_target_source_accuracy": {
        "mean": 0.8464034613304487,
        "sd": 1.2412670766236366e-16,
        "ci95": 1.0880185641326533e-16,
        "values": [
          0.8464034613304489,
          0.8464034613304489,
          0.8464034613304489,
          0.8464034613304489,
          0.8464034613304489
        ]
      },
      "validation_source_leakage_balanced_accuracy": {
        "mean": 0.8179544729165196,
        "sd": 0.0,
        "ci95": 0.0,
        "values": [
          0.8179544729165196,
          0.8179544729165196,
          0.8179544729165196,
          0.8179544729165196,
          0.8179544729165196
        ]
      }
    },
    "group_dro_probe": {
      "validation_target_balanced_accuracy": {
        "mean": 0.8986326662640043,
        "sd": 1.2412670766236366e-16,
        "ci95": 1.0880185641326533e-16,
        "values": [
          0.8986326662640042,
          0.8986326662640042,
          0.8986326662640042,
          0.8986326662640042,
          0.8986326662640042
        ]
      },
      "external_target_balanced_accuracy": {
        "mean": 0.8789710066545959,
        "sd": 0.0,
        "ci95": 0.0,
        "values": [
          0.8789710066545959,
          0.8789710066545959,
          0.8789710066545959,
          0.8789710066545959,
          0.8789710066545959
        ]
      },
      "external_worst_target_source_accuracy": {
        "mean": 0.8175747172384604,
        "sd": 1.2412670766236366e-16,
        "ci95": 1.0880185641326533e-16,
        "values": [
          0.8175747172384603,
          0.8175747172384603,
          0.8175747172384603,
          0.8175747172384603,
          0.8175747172384603
        ]
      },
      "validation_source_leakage_balanced_accuracy": {
        "mean": 0.8179544729165196,
        "sd": 0.0,
        "ci95": 0.0,
        "values": [
          0.8179544729165196,
          0.8179544729165196,
          0.8179544729165196,
          0.8179544729165196,
          0.8179544729165196
        ]
      }
    },
    "group_reweighted_erm": {
      "validation_target_balanced_accuracy": {
        "mean": 0.8986326662640043,
        "sd": 1.2412670766236366e-16,
        "ci95": 1.0880185641326533e-16,
        "values": [
          0.8986326662640042,
          0.8986326662640042,
          0.8986326662640042,
          0.8986326662640042,
          0.8986326662640042
        ]
      },
      "external_target_balanced_accuracy": {
        "mean": 0.8789710066545959,
        "sd": 0.0,
        "ci95": 0.0,
        "values": [
          0.8789710066545959,
          0.8789710066545959,
          0.8789710066545959,
          0.8789710066545959,
          0.8789710066545959
        ]
      },
      "external_worst_target_source_accuracy": {
        "mean": 0.8175747172384604,
        "sd": 1.2412670766236366e-16,
        "ci95": 1.0880185641326533e-16,
        "values": [
          0.8175747172384603,
          0.8175747172384603,
          0.8175747172384603,
          0.8175747172384603,
          0.8175747172384603
        ]
      },
      "validation_source_leakage_balanced_accuracy": {
        "mean": 0.8179544729165196,
        "sd": 0.0,
        "ci95": 0.0,
        "values": [
          0.8179544729165196,
          0.8179544729165196,
          0.8179544729165196,
          0.8179544729165196,
          0.8179544729165196
        ]
      }
    },
    "source_balanced_erm": {
      "validation_target_balanced_accuracy": {
        "mean": 0.8986331066120963,
        "sd": 0.0,
        "ci95": 0.0,
        "values": [
          0.8986331066120963,
          0.8986331066120963,
          0.8986331066120963,
          0.8986331066120963,
          0.8986331066120963
        ]
      },
      "external_target_balanced_accuracy": {
        "mean": 0.8789122204717004,
        "sd": 0.0,
        "ci95": 0.0,
        "values": [
          0.8789122204717004,
          0.8789122204717004,
          0.8789122204717004,
          0.8789122204717004,
          0.8789122204717004
        ]
      },
      "external_worst_target_source_accuracy": {
        "mean": 0.8174571448726692,
        "sd": 1.2412670766236366e-16,
        "ci95": 1.0880185641326533e-16,
        "values": [
          0.8174571448726691,
          0.8174571448726691,
          0.8174571448726691,
          0.8174571448726691,
          0.8174571448726691
        ]
      },
      "validation_source_leakage_balanced_accuracy": {
        "mean": 0.8179544729165196,
        "sd": 0.0,
        "ci95": 0.0,
        "values": [
          0.8179544729165196,
          0.8179544729165196,
          0.8179544729165196,
          0.8179544729165196,
          0.8179544729165196
        ]
      }
    }
  },
  "paired_vs_group_dro_probe": {
    "erm_probe": {
      "validation_target_balanced_accuracy": {
        "mean_delta_vs_group_dro_probe": -0.0012492607101701747,
        "n_pairs": 5,
        "positive_count": 0,
        "negative_count": 5,
        "degenerate_deterministic_pairs": true,
        "t_statistic": null,
        "p_value": null
      },
      "external_target_balanced_accuracy": {
        "mean_delta_vs_group_dro_probe": 0.011498577374373875,
        "n_pairs": 5,
        "positive_count": 5,
        "negative_count": 0,
        "degenerate_deterministic_pairs": true,
        "t_statistic": null,
        "p_value": null
      },
      "external_worst_target_source_accuracy": {
        "mean_delta_vs_group_dro_probe": 0.028828744091988545,
        "n_pairs": 5,
        "positive_count": 5,
        "negative_count": 0,
        "degenerate_deterministic_pairs": true,
        "t_statistic": null,
        "p_value": null
      },
      "validation_source_leakage_balanced_accuracy": {
        "mean_delta_vs_group_dro_probe": 0.0,
        "n_pairs": 5,
        "positive_count": 0,