{
  "claim_gate_passed": true,
  "claim_grade_statistics": true,
  "created_at_utc": "2026-07-13T20:13:36.858431+00:00",
  "dataset_name": "gaitpdb",
  "method_summaries": {
    "FARO_selected": {
      "external_target_balanced_accuracy": {
        "ci95": 0.0,
        "mean": 0.6944444444444444,
        "sd": 0.0,
        "values": [
          0.6944444444444444,
          0.6944444444444444,
          0.6944444444444444,
          0.6944444444444444,
          0.6944444444444444
        ]
      },
      "external_worst_target_source_accuracy": {
        "ci95": 0.0,
        "mean": 0.6666666666666666,
        "sd": 0.0,
        "values": [
          0.6666666666666666,
          0.6666666666666666,
          0.6666666666666666,
          0.6666666666666666,
          0.6666666666666666
        ]
      },
      "validation_source_leakage_balanced_accuracy": {
        "ci95": 0.0,
        "mean": 0.7606060606060605,
        "sd": 0.0,
        "values": [
          0.7606060606060605,
          0.7606060606060605,
          0.7606060606060605,
          0.7606060606060605,
          0.7606060606060605
        ]
      },
      "validation_target_balanced_accuracy": {
        "ci95": 0.0,
        "mean": 0.6716507177033493,
        "sd": 0.0,
        "values": [
          0.6716507177033493,
          0.6716507177033493,
          0.6716507177033493,
          0.6716507177033493,
          0.6716507177033493
        ]
      }
    },
    "erm_probe": {
      "external_target_balanced_accuracy": {
        "ci95": 0.0,
        "mean": 0.6944444444444444,
        "sd": 0.0,
        "values": [
          0.6944444444444444,
          0.6944444444444444,
          0.6944444444444444,
          0.6944444444444444,
          0.6944444444444444
        ]
      },
      "external_worst_target_source_accuracy": {
        "ci95": 0.0,
        "mean": 0.6666666666666666,
        "sd": 0.0,
        "values": [
          0.6666666666666666,
          0.6666666666666666,
          0.6666666666666666,
          0.6666666666666666,
          0.6666666666666666
        ]
      },
      "validation_source_leakage_balanced_accuracy": {
        "ci95": 0.0,
        "mean": 0.7606060606060605,
        "sd": 0.0,
        "values": [
          0.7606060606060605,
          0.7606060606060605,
          0.7606060606060605,
          0.7606060606060605,
          0.7606060606060605
        ]
      },
      "validation_target_balanced_accuracy": {
        "ci95": 0.0,
        "mean": 0.6716507177033493,
        "sd": 0.0,
        "values": [
          0.6716507177033493,
          0.6716507177033493,
          0.6716507177033493,
          0.6716507177033493,
          0.6716507177033493
        ]
      }
    },
    "group_dro_probe": {
      "external_target_balanced_accuracy": {
        "ci95": 0.0,
        "mean": 0.6650326797385621,
        "sd": 0.0,
        "values": [
          0.6650326797385621,
          0.6650326797385621,
          0.6650326797385621,
          0.6650326797385621,
          0.6650326797385621
        ]
      },
      "external_worst_target_source_accuracy": {
        "ci95": 0.0,
        "mean": 0.5555555555555556,
        "sd": 0.0,
        "values": [
          0.5555555555555556,
          0.5555555555555556,
          0.5555555555555556,
          0.5555555555555556,
          0.5555555555555556
        ]
      },
      "validation_source_leakage_balanced_accuracy": {
        "ci95": 0.0,
        "mean": 0.7606060606060605,
        "sd": 0.0,
        "values": [
          0.7606060606060605,
          0.7606060606060605,
          0.7606060606060605,
          0.7606060606060605,
          0.7606060606060605
        ]
      },
      "validation_target_balanced_accuracy": {
        "ci95": 0.0,
        "mean": 0.6866028708133971,
        "sd": 0.0,
        "values": [
          0.6866028708133971,
          0.6866028708133971,
          0.6866028708133971,
          0.6866028708133971,
          0.6866028708133971
        ]
      }
    },
    "group_reweighted_erm": {
      "external_target_balanced_accuracy": {
        "ci95": 0.0,
        "mean": 0.6650326797385621,
        "sd": 0.0,
        "values": [
          0.6650326797385621,
          0.6650326797385621,
          0.6650326797385621,
          0.6650326797385621,
          0.6650326797385621
        ]
      },
      "external_worst_target_source_accuracy": {
        "ci95": 0.0,
        "mean": 0.5555555555555556,
        "sd": 0.0,
        "values": [
          0.5555555555555556,
          0.5555555555555556,
          0.5555555555555556,
          0.5555555555555556,
          0.5555555555555556
        ]
      },
      "validation_source_leakage_balanced_accuracy": {
        "ci95": 0.0,
        "mean": 0.7606060606060605,
        "sd": 0.0,
        "values": [
          0.7606060606060605,
          0.7606060606060605,
          0.7606060606060605,
          0.7606060606060605,
          0.7606060606060605
        ]
      },
      "validation_target_balanced_accuracy": {
        "ci95": 0.0,
        "mean": 0.6866028708133971,
        "sd": 0.0,
        "values": [
          0.6866028708133971,
          0.6866028708133971,
          0.6866028708133971,
          0.6866028708133971,
          0.6866028708133971
        ]
      }
    },
    "source_balanced_erm": {
      "external_target_balanced_accuracy": {
        "ci95": 0.0,
        "mean": 0.684640522875817,
        "sd": 0.0,
        "values": [
          0.684640522875817,
          0.684640522875817,
          0.684640522875817,
          0.684640522875817,
          0.684640522875817
        ]
      },
      "external_worst_target_source_accuracy": {
        "ci95": 0.0,
        "mean": 0.6296296296296297,
        "sd": 0.0,
        "values": [
          0.6296296296296297,
          0.6296296296296297,
          0.6296296296296297,
          0.6296296296296297,
          0.6296296296296297
        ]
      },
      "validation_source_leakage_balanced_accuracy": {
        "ci95": 0.0,
        "mean": 0.7606060606060605,
        "sd": 0.0,
        "values": [
          0.7606060606060605,
          0.7606060606060605,
          0.7606060606060605,
          0.7606060606060605,
          0.7606060606060605
        ]
      },
      "validation_target_balanced_accuracy": {
        "ci95": 0.0,
        "mean": 0.6716507177033493,
        "sd": 0.0,
        "values": [
          0.6716507177033493,
          0.6716507177033493,
          0.6716507177033493,
          0.6716507177033493,
          0.6716507177033493
        ]
      }
    }
  },
  "n_seeds": 5,
  "name": "FARO gaitpdb benchmark paired statistics",
  "seeds": [
    0,
    1,
    2,
    3,
    4
  ]
}
