{
  "name": "MOSAIC ACS primary-contract infeasibility diagnosis v1",
  "status": "post-outcome deterministic decomposition of locked receipts",
  "primary_utility_threshold": 0.4,
  "privacy_advantage_threshold": 0.35,
  "seeds": [
    1305,
    1306,
    1307,
    1308,
    1309
  ],
  "primary_deployments": 0,
  "error_range": [
    0.4022863444719151,
    0.41452086483885475
  ],
  "margin_to_primary_contract_range": [
    0.0022863444719150583,
    0.01452086483885473
  ],
  "relaxed_identity_releases": 2,
  "rows": [
    {
      "seed": 1305,
      "best_candidate": "R-LACE::rank=4",
      "method": "R-LACE",
      "strength": "rank=4",
      "certified_error": 0.41306870051014266,
      "margin_to_primary_contract": 0.013068700510142639,
      "certified_source_advantages": [
        0.26477270802407205,
        0.2535797075346007
      ],
      "bridge_contaminations": [
        0.2647727070240721,
        0.2535795809300735
      ],
      "worst_stratum_decomposition": {
        "label": 0,
        "source": 0,
        "full_error": 0.4130686995101426,
        "center_error": 0.2017008806702798,
        "sampling_charge": 0.0,
        "bridge_residual_charge": 0.21136781883986278,
        "bridge_contamination": 0.2647727070240721,
        "l1_radius": 0.10138629346371542,
        "residual_error_capacity": 1.0,
        "worst_transform_index": 0
      },
      "error_without_sampling_charge": 0.4130686995101426,
      "error_without_bridge_residual_charge": 0.2017008806702798,
      "strict_outward_guard_gap": 1.000000082740371e-09,
      "relaxed_045_selection": {
        "candidate": "R-LACE::rank=4",
        "method": "R-LACE",
        "degenerate_identity_release": false
      }
    },
    {
      "seed": 1306,
      "best_candidate": "Identity::unedited",
      "method": "Identity",
      "strength": "unedited",
      "certified_error": 0.41227435576446125,
      "margin_to_primary_contract": 0.012274355764461231,
      "certified_source_advantages": [
        0.2870995240272558,
        0.17482122201694356
      ],
      "bridge_contaminations": [
        0.2951222668544008,
        0.21657956645768772
      ],
      "worst_stratum_decomposition": {
        "label": 1,
        "source": 0,
        "full_error": 0.41227435476446117,
        "center_error": 0.24979520000041902,
        "sampling_charge": 1.588236037963764e-07,
        "bridge_residual_charge": 0.16247899594043835,
        "bridge_contamination": 0.21657956645768772,
        "l1_radius": 0.10138629346371542,
        "residual_error_capacity": 1.0,
        "worst_transform_index": 0
      },
      "error_without_sampling_charge": 0.41227419594085735,
      "error_without_bridge_residual_charge": 0.24979535882402282,
      "strict_outward_guard_gap": 1.000000082740371e-09,
      "relaxed_045_selection": {
        "candidate": "Identity::unedited",
        "method": "Identity",
        "degenerate_identity_release": true
      }
    },
    {
      "seed": 1307,
      "best_candidate": "Identity::unedited",
      "method": "Identity",
      "strength": "unedited",
      "certified_error": 0.4022863444719151,
      "margin_to_primary_contract": 0.0022863444719150583,
      "certified_source_advantages": [
        0.25447372334461726,
        0.16560757238804918
      ],
      "bridge_contaminations": [
        0.3212727172881742,
        0.20907958020957407
      ],
      "worst_stratum_decomposition": {
        "label": 0,
        "source": 1,
        "full_error": 0.402286343471915,
        "center_error": 0.21777941854467167,
        "sampling_charge": 1.429440095179757e-07,
        "bridge_residual_charge": 0.1845067819832338,
        "bridge_contamination": 0.3212727172881742,
        "l1_radius": 0.10138629346371542,
        "residual_error_capacity": 0.7920791271058124,
        "worst_transform_index": 0
      },
      "error_without_sampling_charge": 0.4022862005279055,
      "error_without_bridge_residual_charge": 0.2177795614886812,
      "strict_outward_guard_gap": 1.000000082740371e-09,
      "relaxed_045_selection": {
        "candidate": "Identity::unedited",
        "method": "Identity",
        "degenerate_identity_release": true
      }
    },
    {
      "seed": 1308,
      "best_candidate": "R-LACE::rank=1",
      "method": "R-LACE",
      "strength": "rank=1",
      "certified_error": 0.41452086483885475,
      "margin_to_primary_contract": 0.01452086483885473,
      "certified_source_advantages": [
        0.24119270166041867,
        0.19382559216148948
      ],
      "bridge_contaminations": [
        0.2937727065209018,
        0.2360795677174854
      ],
      "worst_stratum_decomposition": {
        "label": 0,
        "source": 0,
        "full_error": 0.41452086383885467,
        "center_error": 0.24542829876280603,
        "sampling_charge": 0.0,
        "bridge_residual_charge": 0.16909256507604864,
        "bridge_contamination": 0.2937727065209018,
        "l1_radius": 0.10138629346371542,
        "residual_error_capacity": 0.8210180704559696,
        "worst_transform_index": 0
      },
      "error_without_sampling_charge": 0.41452086383885467,
      "error_without_bridge_residual_charge": 0.24542829876280603,
      "strict_outward_guard_gap": 1.000000082740371e-09,
      "relaxed_045_selection": {
        "candidate": "R-LACE::rank=1",
        "method": "R-LACE",
        "degenerate_identity_release": false
      }
    },
    {
      "seed": 1309,
      "best_candidate": "R-LACE::rank=1",
      "method": "R-LACE",
      "strength": "rank=1",
      "certified_error": 0.4027239273787987,
      "margin_to_primary_contract": 0.002723927378798674,
      "certified_source_advantages": [
        0.22774365143411662,
        0.20023172920172633
      ],
      "bridge_contaminations": [
        0.2747727101482067,
        0.2415795764701837
      ],
      "worst_stratum_decomposition": {
        "label": 0,
        "source": 1,
        "full_error": 0.4027239263787986,
        "center_error": 0.24127646379721984,
        "sampling_charge": 0.0,
        "bridge_residual_charge": 0.16144746258157877,
        "bridge_contamination": 0.2747727101482067,
        "l1_radius": 0.10138629346371542,
        "residual_error_capacity": 0.8288437753198865,
        "worst_transform_index": 0
      },
      "error_without_sampling_charge": 0.4027239263787986,
      "error_without_bridge_residual_charge": 0.24127646379721984,
      "strict_outward_guard_gap": 1.000000082740371e-09,
      "relaxed_045_selection": {
        "candidate": "R-LACE::rank=1",
        "method": "R-LACE",
        "degenerate_identity_release": false
      }
    }
  ],
  "claim_boundary": "The decomposition explains the locked K=4 outcome. It is not a post-outcome retuning of the candidate family or contract.",
  "pass": {
    "all_five_receipts_decomposed": true,
    "every_decomposition_closes": true,
    "identity_releases_explicitly_labeled": true
  }
}
