{
  "calibration_curve": [
    {
      "decision": "abstain",
      "radius": 0.5533618329287132,
      "rows": 19566
    },
    {
      "decision": "abstain",
      "radius": 0.4770567627618258,
      "rows": 39133
    },
    {
      "decision": "deploy",
      "radius": 0.4125643328114316,
      "rows": 58700
    },
    {
      "decision": "deploy",
      "radius": 0.3669034665258099,
      "rows": 78267
    }
  ],
  "checks": 28,
  "failures": [],
  "family_failure_spend": 0.05,
  "headline": {
    "certified_source_advantage_upper": [
      0.2175282928986424,
      0.27898171329909216
    ],
    "certified_worst_conditional_error_upper": 0.36909117600266506,
    "diagnostic_source_advantage": 0.05900726342923068,
    "diagnostic_worst_conditional_error": 0.2768631993083691,
    "proxy_balanced_accuracy": 0.8412950729369897
  },
  "lock_sha256": "9ac8398ae6a1d79cbbeafd5ace54bb7dc97e67fde7fcc5fa48909600b3b60b84",
  "name": "MOSAIC ACS proxy source-mass independent audit v1",
  "pass": true,
  "report_sha256": "3456d87be4bbda7f813af6321540701b4fd94bf79c3e6b20ee7930fb5711fd6b"
}
