{
  "name": "MOSAIC diagnostic released-interface numerical utility table v1",
  "status": "post-outcome numerical summary of the locked-table-matched v2 audit",
  "datasets": {
    "BiasBios-Clinical": {
      "releases": 20,
      "metrics": {
        "Released interface": {
          "n": 20,
          "mean": 0.8627794090552754,
          "standard_deviation": 0.011935805433367308,
          "mean_t95_interval": [
            0.8571932801602343,
            0.8683655379503165
          ],
          "minimum": 0.8388637354217423,
          "maximum": 0.8821048226889749
        },
        "4-bin tokenizer": {
          "n": 20,
          "mean": 0.8726750000000001,
          "standard_deviation": 0.012302679425744277,
          "mean_t95_interval": [
            0.8669171687911859,
            0.8784328312088143
          ],
          "minimum": 0.84375,
          "maximum": 0.8885
        },
        "Full edited features": {
          "n": 20,
          "mean": 0.9013375,
          "standard_deviation": 0.006602070548420076,
          "mean_t95_interval": [
            0.8982476358711388,
            0.9044273641288613
          ],
          "minimum": 0.88725,
          "maximum": 0.911
        },
        "Unedited features": {
          "n": 20,
          "mean": 0.9032625,
          "standard_deviation": 0.003738557102750525,
          "mean_t95_interval": [
            0.9015128014166892,
            0.9050121985833107
          ],
          "minimum": 0.8975,
          "maximum": 0.911
        }
      }
    },
    "Waterbirds": {
      "releases": 3,
      "metrics": {
        "Released interface": {
          "n": 3,
          "mean": 0.6783146927162162,
          "standard_deviation": 0.017114111363632983,
          "mean_t95_interval": [
            0.6358008832747207,
            0.7208285021577118
          ],
          "minimum": 0.6658837708379504,
          "maximum": 0.6978341734880602
        },
        "4-bin tokenizer": {
          "n": 3,
          "mean": 0.7523364485981308,
          "standard_deviation": 0.031757657053897645,
          "mean_t95_interval": [
            0.6734460550737097,
            0.8312268421225518
          ],
          "minimum": 0.7254672897196262,
          "maximum": 0.7873831775700935
        },
        "Full edited features": {
          "n": 3,
          "mean": 0.829828660436137,
          "standard_deviation": 0.007778420699158171,
          "mean_t95_interval": [
            0.8105059922394988,
            0.8491513286327752
          ],
          "minimum": 0.8212616822429907,
          "maximum": 0.8364485981308412
        },
        "Unedited features": {
          "n": 3,
          "mean": 0.7636292834890965,
          "standard_deviation": 0.007600942872251951,
          "mean_t95_interval": [
            0.7447474946552756,
            0.7825110723229175
          ],
          "minimum": 0.7558411214953271,
          "maximum": 0.7710280373831775
        }
      }
    }
  },
  "interval": "two-sided 95% t interval over released jobs; descriptive, not a population guarantee",
  "claim_boundary": "The v2 table measures diagnostic interface utility only. It neither revalidates the historical reference/bridge features nor changes the original MOSAIC result.",
  "pass": {
    "all_23_releases_summarized": true,
    "two_datasets": true
  }
}
