{
  "abstract_numbers_sha256": "509d3e9c7c5bd9b840e9c68cc0ae9772d80a4d15a8fe52a48e6f1f2266df7203",
  "analysis_audit_sha256": "bc320214472f1c582ff28d8173033370fd2941f82471c88619ace14a14fda3a0",
  "candidate_row_count": 25920,
  "confirmatory_report_sha256": "b07973292d13995baf3b670db3c750db1dc53067bf42bff02c6ba2d42ec9cbfa",
  "exact_audit_sha256": "671d8efacae1852766c33b3c48ac4a019503ab754afc10409bfdcb98f5dcf475",
  "exact_report_sha256": "d97c963676e91a31212e773fcbbae255b9f00f972dbac6bd04d948c56c600727",
  "failed_registered_pass_conditions": [
    "paired_significance"
  ],
  "failures": [],
  "family_grid_audit_sha256": "d5019ebf284528c52cce48e01e1771e1705166f59f770673dea5e0446139d27d",
  "family_grid_report_sha256": "4cb4c222d447737aa6a8d1a723fdb0a307a7a1013ca23ad315a3787d211aaa78",
  "figure_cluster_summary": {
    "deployed|Bios|always_deploy_balanced": {
      "mean": 1.0,
      "seed_cluster_bootstrap_95": [
        1.0,
        1.0
      ],
      "seed_rates": [
        1.0,
        1.0,
        1.0,
        1.0,
        1.0,
        1.0,
        1.0,
        1.0
      ]
    },
    "deployed|Bios|external_balanced_oracle": {
      "mean": 0.013888888888888888,
      "seed_cluster_bootstrap_95": [
        0.0,
        0.041666666666666664
      ],
      "seed_rates": [
        0.0,
        0.1111111111111111,
        0.0,
        0.0,
        0.0,
        0.0,
        0.0,
        0.0
      ]
    },
    "deployed|Bios|point_selection_balanced": {
      "mean": 0.0,
      "seed_cluster_bootstrap_95": [
        0.0,
        0.0
      ],
      "seed_rates": [
        0.0,
        0.0,
        0.0,
        0.0,
        0.0,
        0.0,
        0.0,
        0.0
      ]
    },
    "deployed|Bios|vera_balanced_envelope": {
      "mean": 0.0,
      "seed_cluster_bootstrap_95": [
        0.0,
        0.0
      ],
      "seed_rates": [
        0.0,
        0.0,
        0.0,
        0.0,
        0.0,
        0.0,
        0.0,
        0.0
      ]
    },
    "deployed|Bios|vera_balanced_iut": {
      "mean": 0.0,
      "seed_cluster_bootstrap_95": [
        0.0,
        0.0
      ],
      "seed_rates": [
        0.0,
        0.0,
        0.0,
        0.0,
        0.0,
        0.0,
        0.0,
        0.0
      ]
    },
    "deployed|Camelyon17-WILDS|always_deploy_balanced": {
      "mean": 1.0,
      "seed_cluster_bootstrap_95": [
        1.0,
        1.0
      ],
      "seed_rates": [
        1.0,
        1.0,
        1.0,
        1.0,
        1.0,
        1.0,
        1.0,
        1.0
      ]
    },
    "deployed|Camelyon17-WILDS|external_balanced_oracle": {
      "mean": 0.0,
      "seed_cluster_bootstrap_95": [
        0.0,
        0.0
      ],
      "seed_rates": [
        0.0,
        0.0,
        0.0,
        0.0,
        0.0,
        0.0,
        0.0,
        0.0
      ]
    },
    "deployed|Camelyon17-WILDS|point_selection_balanced": {
      "mean": 0.3194444444444444,
      "seed_cluster_bootstrap_95": [
        0.2916666666666667,
        0.3333333333333333
      ],
      "seed_rates": [
        0.3333333333333333,
        0.3333333333333333,
        0.2222222222222222,
        0.3333333333333333,
        0.3333333333333333,
        0.3333333333333333,
        0.3333333333333333,
        0.3333333333333333
      ]
    },
    "deployed|Camelyon17-WILDS|vera_balanced_envelope": {
      "mean": 0.0,
      "seed_cluster_bootstrap_95": [
        0.0,
        0.0
      ],
      "seed_rates": [
        0.0,
        0.0,
        0.0,
        0.0,
        0.0,
        0.0,
        0.0,
        0.0
      ]
    },
    "deployed|Camelyon17-WILDS|vera_balanced_iut": {
      "mean": 0.0,
      "seed_cluster_bootstrap_95": [
        0.0,
        0.0
      ],
      "seed_rates": [
        0.0,
        0.0,
        0.0,
        0.0,
        0.0,
        0.0,
        0.0,
        0.0
      ]
    },
    "deployed|CivilComments-WILDS|always_deploy_balanced": {
      "mean": 1.0,
      "seed_cluster_bootstrap_95": [
        1.0,
        1.0
      ],
      "seed_rates": [
        1.0,
        1.0,
        1.0,
        1.0,
        1.0,
        1.0,
        1.0,
        1.0
      ]
    },
    "deployed|CivilComments-WILDS|external_balanced_oracle": {
      "mean": 0.5138888888888888,
      "seed_cluster_bootstrap_95": [
        0.4444444444444444,
        0.5833333333333333
      ],
      "seed_rates": [
        0.3333333333333333,
        0.5555555555555556,
        0.5555555555555556,
        0.6666666666666666,
        0.5555555555555556,
        0.5555555555555556,
        0.4444444444444444,
        0.4444444444444444
      ]
    },
    "deployed|CivilComments-WILDS|point_selection_balanced": {
      "mean": 0.5277777777777778,
      "seed_cluster_bootstrap_95": [
        0.4722222222222222,
        0.5833333333333334
      ],
      "seed_rates": [
        0.4444444444444444,
        0.4444444444444444,
        0.5555555555555556,
        0.6666666666666666,
        0.5555555555555556,
        0.5555555555555556,
        0.4444444444444444,
        0.5555555555555556
      ]
    },
    "deployed|CivilComments-WILDS|vera_balanced_envelope": {
      "mean": 0.37499999999999994,
      "seed_cluster_bootstrap_95": [
        0.3472222222222222,
        0.41666666666666663
      ],
      "seed_rates": [
        0.3333333333333333,
        0.4444444444444444,
        0.3333333333333333,
        0.4444444444444444,
        0.3333333333333333,
        0.4444444444444444,
        0.3333333333333333,
        0.3333333333333333
      ]
    },
    "deployed|CivilComments-WILDS|vera_balanced_iut": {
      "mean": 0.38888888888888884,
      "seed_cluster_bootstrap_95": [
        0.3472222222222222,
        0.4305555555555555
      ],
      "seed_rates": [
        0.3333333333333333,
        0.4444444444444444,
        0.4444444444444444,
        0.4444444444444444,
        0.3333333333333333,
        0.4444444444444444,
        0.3333333333333333,
        0.3333333333333333
      ]
    },
    "deployed|GaitPDB|always_deploy_balanced": {
      "mean": 1.0,
      "seed_cluster_bootstrap_95": [
        1.0,
        1.0
      ],
      "seed_rates": [
        1.0,
        1.0,
        1.0,
        1.0,
        1.0,
        1.0,
        1.0,
        1.0
      ]
    },
    "deployed|GaitPDB|external_balanced_oracle": {
      "mean": 1.0,
      "seed_cluster_bootstrap_95": [
        1.0,
        1.0
      ],
      "seed_rates": [
        1.0,
        1.0,
        1.0,
        1.0,
        1.0,
        1.0,
        1.0,
        1.0
      ]
    },
    "deployed|GaitPDB|point_selection_balanced": {
      "mean": 0.9166666666666666,
      "seed_cluster_bootstrap_95": [
        0.7916666666666666,
        1.0
      ],
      "seed_rates": [
        0.6666666666666666,
        0.6666666666666666,
        1.0,
        1.0,
        1.0,
        1.0,
        1.0,
        1.0
      ]
    },
    "deployed|GaitPDB|vera_balanced_envelope": {
      "mean": 0.0,
      "seed_cluster_bootstrap_95": [
        0.0,
        0.0
      ],
      "seed_rates": [
        0.0,
        0.0,
        0.0,
        0.0,
        0.0,
        0.0,
        0.0,
        0.0
      ]
    },
    "deployed|GaitPDB|vera_balanced_iut": {
      "mean": 0.05555555555555555,
      "seed_cluster_bootstrap_95": [
        0.013888888888888888,
        0.1111111111111111
      ],
      "seed_rates": [
        0.0,
        0.0,
        0.1111111111111111,
        0.0,
        0.1111111111111111,
        0.0,
        0.2222222222222222,
        0.0
      ]
    },
    "deployed|Waterbirds|always_deploy_balanced": {
      "mean": 1.0,
      "seed_cluster_bootstrap_95": [
        1.0,
        1.0
      ],
      "seed_rates": [
        1.0,
        1.0,
        1.0,
        1.0,
        1.0,
        1.0,
        1.0,
        1.0
      ]
    },
    "deployed|Waterbirds|external_balanced_oracle": {
      "mean": 0.5,
      "seed_cluster_bootstrap_95": [
        0.4583333333333333,
        0.5416666666666667
      ],