{
  "abstract_sha256": "509d3e9c7c5bd9b840e9c68cc0ae9772d80a4d15a8fe52a48e6f1f2266df7203",
  "abstract_verified": true,
  "candidate_rows_replayed": 25920,
  "candidate_rows_sha256": "483990e8249faafb101acd8711c6d462eff6a41cb001f28941a564e7ef9c8135",
  "confirmatory_passed": false,
  "failures": [
    "4320 candidate rows differ from raw NPZ replay",
    "23 rule selections do not replay"
  ],
  "generated_at": "2026-07-14T17:39:27.781968+00:00",
  "holm_p_replayed": {
    "Bios": 1.0,
    "CivilComments-WILDS": 0.5,
    "GaitPDB": 1.0,
    "Waterbirds": 0.5
  },
  "maximum_supported_dataset_seed_violation_rate": 0.0,
  "mcnemar_holm_p_replayed": {
    "Bios": 1.0,
    "CivilComments-WILDS": 0.1875,
    "GaitPDB": 0.5,
    "Waterbirds": 0.125
  },
  "name": "Independent VERA confirmatory aggregate audit",
  "passed": false,
  "prereg_sha256": "2767b64f1fa844f512026c5cc4d5e81bca4ed92bef9c8dfd5287dec2918395aa",
  "raw_candidate_mismatches": 4320,
  "raw_candidate_rows_recomputed": 25920,
  "raw_npz_checksums_verified": 480,
  "raw_npz_files_recomputed": 480,
  "receipt_audit_sha256": "eca23daf3f0741d60606d167201ff3cc21ce9548210f22508d35643ddaa1b073",
  "report_sha256": "b07973292d13995baf3b670db3c750db1dc53067bf42bff02c6ba2d42ec9cbfa",
  "retention_seed_cluster_bootstrap95": [
    0.2751677852348993,
    0.34507042253521125
  ],
  "rule_rows_replayed": 10800,
  "rule_rows_sha256": "1ac2adcb0c179b0baad5c6813e9254bcfe3c21f5d71fcd389e48b791932c975f",
  "selection_mismatches": 23,
  "semantic_mismatches": 0,
  "sign_test_holm_p_replayed": {
    "Bios": 1.0,
    "CivilComments-WILDS": 0.5,
    "GaitPDB": 1.0,
    "Waterbirds": 0.5
  },
  "stress_point_rate": 0.21875,
  "stress_vera_rate": 0.0,
  "strict_supported_dataset_seed_control": true
}
